{"cameraMode":{"drawMode":0,"name":"Shaded","section":"Shading Mode"},"sceneLighting":false,"audioPlay":false,"sceneViewState":{"showFog":true,"showMaterialUpdate":false,"showSkybox":false,"showFlares":true,"showImageEffects":true,"showParticleSystems":true},"in2DMode":false,"pivot":{"x":-0.12999987602233888,"y":-4.4924845695495609,"z":8.869999885559082},"rotation":{"x":-0.004662921652197838,"y":0.9482452869415283,"z":-0.31719842553138735,"w":-0.013939335942268372},"size":1.8228358030319214,"orthographic":false}