{"cameraMode":{"drawMode":0,"name":"Shaded","section":"Shading Mode"},"sceneLighting":false,"audioPlay":false,"sceneViewState":{"showFog":true,"showMaterialUpdate":false,"showSkybox":false,"showFlares":true,"showImageEffects":true,"showParticleSystems":true},"in2DMode":false,"pivot":{"x":0.1690523624420166,"y":-0.35161852836608889,"z":-0.1387014389038086},"rotation":{"x":0.18713580071926118,"y":0.30653518438339236,"z":-0.06159769743680954,"w":0.9312488436698914},"size":3.170400857925415,"orthographic":false}